Workbook

Sheet Listado Unificado de Parcelas
A1: N° | B1: Circunscripción | C1: Sección | D1: Manzana | E1: Parcela | F1: Partida ARBA | G1: Partida Municipal | H1: Escritura | I1: Matrícula / Folio | J1: Certificado Catastral | K1: Valuación Fiscal | L1: VF al Acto | M1: Superficie M2 | N1: Estado | O1: Precio Etapa 1 | P1: Valor / m2 | Q1: Anticipo % | R1: Tasa mensual | S1: Anticipo USD | T1: Saldo USD | U1: 48 cuotas de | V1: 60 cuotas de | W1: Nota
A2: 1 | B2: 5 | C2: F | D2: 1 | E2: 1 | F2: 199468 | G2: 46662 | H2: 442 | I2: 74463 | J2: 24495422 | K2: 94248 | L2: 2340837 | M2: =+_xlfn.XLOOKUP(D2&"-"&E2,'[1]Listado Lotes'!$K$3:$K$385,'[1]Listado Lotes'!$E$3:$E$385) -> 230.52 | N2: NO DISPONIBLE | O2: #N/A | P2: #N/A | Q2: #N/A | R2: #N/A | S2: #N/A | T2: #N/A | W2: #N/A
A3: 2 | B3: 5 | C3: F | D3: 1 | E3: 2 | F3: 199469 | G3: 46663 | H3: 442 | I3: 74464 | J3: 24495426 | K3: 95472 | L3: 2371238 | M3: =+_xlfn.XLOOKUP(D3&"-"&E3,'[1]Listado Lotes'!$K$3:$K$385,'[1]Listado Lotes'!$E$3:$E$385) -> 233.98 | N3: NO DISPONIBLE | O3: #N/A | P3: #N/A | Q3: #N/A | R3: #N/A | S3: #N/A | T3: #N/A | W3: #N/A
A4: 3 | B4: 5 | C4: F | D4: 1 | E4: 3 | F4: 199470 | G4: 46664 | H4: 442 | I4: 74465 | J4: 24495433 | K4: 75114 | L4: 1865606 | M4: =+_xlfn.XLOOKUP(D4&"-"&E4,'[1]Listado Lotes'!$K$3:$K$385,'[1]Listado Lotes'!$E$3:$E$385) -> 233.98 | N4: NO DISPONIBLE | O4: #N/A | P4: #N/A | Q4: #N/A | R4: #N/A | S4: #N/A | T4: #N/A | W4: #N/A
A5: 4 | B5: 5 | C5: F | D5: 1 | E5: 4 | F5: 199471 | G5: 46665 | H5: 442 | I5: 74466 | J5: 24495436 | K5: 75114 | L5: 1865606 | M5: =+_xlfn.XLOOKUP(D5&"-"&E5,'[1]Listado Lotes'!$K$3:$K$385,'[1]Listado Lotes'!$E$3:$E$385) -> 233.98 | N5: NO DISPONIBLE | O5: #N/A | P5: #N/A | Q5: #N/A | R5: #N/A | S5: #N/A | T5: #N/A | W5: #N/A
A6: 5 | B6: 5 | C6: F | D6: 1 | E6: 5 | F6: 199472 | G6: 46666 | H6: 442 | I6: 74467 | J6: 24495439 | K6: 75114 | L6: 1865606 | M6: =+_xlfn.XLOOKUP(D6&"-"&E6,'[1]Listado Lotes'!$K$3:$K$385,'[1]Listado Lotes'!$E$3:$E$385) -> 233.98 | N6: NO DISPONIBLE | O6: #N/A | P6: #N/A | Q6: #N/A | R6: #N/A | S6: #N/A | T6: #N/A | W6: #N/A
A7: 6 | B7: 5 | C7: F | D7: 1 | E7: 6 | F7: 199473 | G7: 46667 | H7: 442 | I7: 74468 | J7: 24495443 | K7: 75114 | L7: 1865606 | M7: =+_xlfn.XLOOKUP(D7&"-"&E7,'[1]Listado Lotes'!$K$3:$K$385,'[1]Listado Lotes'!$E$3:$E$385) -> 233.98 | N7: NO DISPONIBLE | O7: #N/A | P7: #N/A | Q7: #N/A | R7: #N/A | S7: #N/A | T7: #N/A | W7: #N/A
A8: 7 | B8: 5 | C8: F | D8: 1 | E8: 7 | F8: 199474 | G8: 46668 | H8: 442 | I8: 74469 | J8: 24495802 | K8: 98241 | L8: 2440026 | M8: =+_xlfn.XLOOKUP(D8&"-"&E8,'[1]Listado Lotes'!$K$3:$K$385,'[1]Listado Lotes'!$E$3:$E$385) -> 229.5 | N8: NO DISPONIBLE | O8: #N/A | P8: #N/A | Q8: #N/A | R8: #N/A | S8: #N/A | T8: #N/A | W8: #N/A
A9: 8 | B9: 5 | C9: F | D9: 1 | E9: 8 | F9: 199475 | G9: 44932 | H9: 442 | I9: 74992 | J9: 24495786 | K9: 107460 | L9: 2668984 | M9: =+_xlfn.XLOOKUP(D9&"-"&E9,'[1]Listado Lotes'!$K$3:$K$385,'[1]Listado Lotes'!$E$3:$E$385) -> 398.26 | N9: NO DISPONIBLE | O9: #N/A | P9: #N/A | Q9: #N/A | R9: #N/A | S9: #N/A | T9: #N/A | W9: #N/A
A10: 9 | B10: 5 | C10: F | D10: 1 | E10: 9 | F10: 199476 | G10: 46669 | H10: 442 | I10: 74470 | J10: 24495795 | K10: 107460 | L10: 2668984 | M10: =+_xlfn.XLOOKUP(D10&"-"&E10,'[1]Listado Lotes'!$K$3:$K$385,'[1]Listado Lotes'!$E$3:$E$385) -> 398.26 | N10: NO DISPONIBLE | O10: #N/A | P10: #N/A | Q10: #N/A | R10: #N/A | S10: #N/A | T10: #N/A | W10: #N/A
A11: 10 | B11: 5 | C11: F | D11: 1 | E11: 10 | F11: 199477 | G11: 46670 | H11: 442 | I11: 74471 | J11: 24495894 | K11: 107460 | L11: 2668984 | M11: =+_xlfn.XLOOKUP(D11&"-"&E11,'[1]Listado Lotes'!$K$3:$K$385,'[1]Listado Lotes'!$E$3:$E$385) -> 398.26 | N11: NO DISPONIBLE | O11: #N/A | P11: #N/A | Q11: #N/A | R11: #N/A | S11: #N/A | T11: #N/A | W11: #N/A
A12: 11 | B12: 5 | C12: F | D12: 1 | E12: 11 | F12: 199478 | G12: 46671 | H12: 442 | I12: 74472 | J12: 24495897 | K12: 107460 | L12: 2668984 | M12: =+_xlfn.XLOOKUP(D12&"-"&E12,'[1]Listado Lotes'!$K$3:$K$385,'[1]Listado Lotes'!$E$3:$E$385) -> 398.26 | N12: NO DISPONIBLE | O12: #N/A | P12: #N/A | Q12: #N/A | R12: #N/A | S12: #N/A | T12: #N/A | W12: #N/A
A13: 12 | B13: 5 | C13: F | D13: 1 | E13: 12 | F13: 199479 | G13: 466672 | H13: 442 | I13: 74474 | J13: 24495902 | K13: 107460 | L13: 2668984 | M13: =+_xlfn.XLOOKUP(D13&"-"&E13,'[1]Listado Lotes'!$K$3:$K$385,'[1]Listado Lotes'!$E$3:$E$385) -> 398.26 | N13: NO DISPONIBLE | O13: #N/A | P13: #N/A | Q13: #N/A | R13: #N/A | S13: #N/A | T13: #N/A | W13: #N/A
... A61: 60 | B61: 5 | C61: F | D61: 2 | E61: 28 | F61: 199242 | G61: 46719 | H61: 442 | I61: 74554 | J61: 24491949 | K61: 89700 | L61: 2227878 | M61: =+_xlfn.XLOOKUP(D61&"-"&E61,'[1]Listado Lotes'!$K$3:$K$385,'[1]Listado Lotes'!$E$3:$E$385) -> 298.69 | N61: NO DISPONIBLE | O61: #N/A | P61: #N/A | Q61: #N/A | R61: #N/A | S61: #N/A | T61: #N/A | W61: #N/A
A62: 61 | B62: 5 | C62: F | D62: 3 | E62: 1 | F62: 199500 | G62: 46720 | H62: 442 | I62: 74437 | J62: 24491950 | K62: 98241 | L62: 2440026 | M62: =+_xlfn.XLOOKUP(D62&"-"&E62,'[1]Listado Lotes'!$K$3:$K$385,'[1]Listado Lotes'!$E$3:$E$385) -> 229.5 | N62: PUBLICADO | O62: 15000 | P62: 65.502183 | Q62: 0.3 | R62: 0.01 | S62: 4500 | T62: 10500 | U62: 323.75 | V62: 280 | W62: Laterales chicos, sobre Richieri
A63: 62 | B63: 5 | C63: F | D63: 3 | E63: 2 | F63: 199501 | G63: 46721 | H63: 442 | I63: 74438 | J63: 24491951 | K63: 75114 | L63: 1865606 | M63: =+_xlfn.XLOOKUP(D63&"-"&E63,'[1]Listado Lotes'!$K$3:$K$385,'[1]Listado Lotes'!$E$3:$E$385) -> 233.98 | N63: PUBLICADO | O63: 15000 | P63: 64.102564 | Q63: 0.3 | R63: 0.01 | S63: 4500 | T63: 10500 | U63: 323.75 | V63: 280 | W63: Laterales chicos, sobre Richieri
A64: 63 | B64: 5 | C64: F | D64: 3 | E64: 4 | F64: 199503 | G64: 46723 | H64: 442 | I64: 74439 | J64: 24491953 | K64: 75114 | L64: 1865606 | M64: =+_xlfn.XLOOKUP(D64&"-"&E64,'[1]Listado Lotes'!$K$3:$K$385,'[1]Listado Lotes'!$E$3:$E$385) -> 233.98 | N64: PUBLICADO | O64: 15000 | P64: 64.102564 | Q64: 0.3 | R64: 0.01 | S64: 4500 | T64: 10500 | U64: 323.75 | V64: 280 | W64: Laterales chicos, sobre Richieri
A65: 64 | B65: 5 | C65: F | D65: 3 | E65: 5 | F65: 199504 | G65: 46724 | H65: 442 | I65: 74440 | J65: 24491954 | K65: 75114 | L65: 1865606 | M65: =+_xlfn.XLOOKUP(D65&"-"&E65,'[1]Listado Lotes'!$K$3:$K$385,'[1]Listado Lotes'!$E$3:$E$385) -> 233.98 | N65: PUBLICADO | O65: 15000 | P65: 64.102564 | Q65: 0.3 | R65: 0.01 | S65: 4500 | T65: 10500 | U65: 323.75 | V65: 280 | W65: Laterales chicos, sobre Richieri
A66: 65 | B66: 5 | C66: F | D66: 3 | E66: 6 | F66: 199505 | G66: 46725 | H66: 442 | I66: 74441 | J66: 24491956 | K66: 98241 | L66: 2440026 | M66: =+_xlfn.XLOOKUP(D66&"-"&E66,'[1]Listado Lotes'!$K$3:$K$385,'[1]Listado Lotes'!$E$3:$E$385) -> 229.5 | N66: PUBLICADO | O66: 15000 | P66: 65.502183 | Q66: 0.3 | R66: 0.01 | S66: 4500 | T66: 10500 | U66: 323.75 | V66: 280 | W66: Laterales chicos, sobre Richieri
A67: 66 | B67: 5 | C67: F | D67: 3 | E67: 7 | F67: 199506 | G67: 46726 | H67: 442 | I67: 74442 | J67: 24491957 | K67: 89700 | L67: 2227878 | M67: =+_xlfn.XLOOKUP(D67&"-"&E67,'[1]Listado Lotes'!$K$3:$K$385,'[1]Listado Lotes'!$E$3:$E$385) -> 298.69 | N67: PUBLICADO | O67: 15000 | P67: 50.167224 | Q67: 0.3 | R67: 0.01 | S67: 4500 | T67: 10500 | U67: 323.75 | V67: 280 | W67: Verticales medianos
A68: 67 | B68: 5 | C68: F | D68: 3 | E68: 8 | F68: 199507 | G68: 46727 | H68: 442 | I68: 74443 | J68: 24491958 | K68: 89700 | L68: 2227878 | M68: =+_xlfn.XLOOKUP(D68&"-"&E68,'[1]Listado Lotes'!$K$3:$K$385,'[1]Listado Lotes'!$E$3:$E$385) -> 298.69 | N68: PUBLICADO | O68: 15000 | P68: 50.167224 | Q68: 0.3 | R68: 0.01 | S68: 4500 | T68: 10500 | U68: 323.75 | V68: 280 | W68: Verticales medianos
A69: 68 | B69: 5 | C69: F | D69: 3 | E69: 9 | F69: 199508 | G69: 46728 | H69: 442 | I69: 74444 | J69: 24491959 | K69: 89700 | L69: 2227878 | M69: =+_xlfn.XLOOKUP(D69&"-"&E69,'[1]Listado Lotes'!$K$3:$K$385,'[1]Listado Lotes'!$E$3:$E$385) -> 298.69 | N69: PUBLICADO | O69: 15000 | P69: 50.167224 | Q69: 0.3 | R69: 0.01 | S69: 4500 | T69: 10500 | U69: 323.75 | V69: 280 | W69: Verticales medianos
A70: 69 | B70: 5 | C70: F | D70: 3 | E70: 10 | F70: 199509 | G70: 6620-2 | H70: 442 | I70: 74445 | J70: 24491960 | K70: 89700 | L70: 2227878 | M70: =+_xlfn.XLOOKUP(D70&"-"&E70,'[1]Listado Lotes'!$K$3:$K$385,'[1]Listado Lotes'!$E$3:$E$385) -> 298.69 | N70: PUBLICADO | O70: 15000 | P70: 50.167224 | Q70: 0.3 | R70: 0.01 | S70: 4500 | T70: 10500 | U70: 323.75 | V70: 280 | W70: Verticales medianos
A71: 70 | B71: 5 | C71: F | D71: 3 | E71: 11 | F71: 199510 | G71: 46729 | H71: 442 | I71: 74446 | J71: 24491961 | K71: 89700 | L71: 2227878 | M71: =+_xlfn.XLOOKUP(D71&"-"&E71,'[1]Listado Lotes'!$K$3:$K$385,'[1]Listado Lotes'!$E$3:$E$385) -> 298.69 | N71: PUBLICADO | O71: 15000 | P71: 50.167224 | Q71: 0.3 | R71: 0.01 | S71: 4500 | T71: 10500 | U71: 323.75 | V71: 280 | W71: Verticales medianos
A72: 71 | B72: 5 | C72: F | D72: 3 | E72: 12 | F72: 199511 | G72: 46730 | H72: 442 | I72: 74447 | J72: 24491962 | K72: 89700 | L72: 2227878 | M72: =+_xlfn.XLOOKUP(D72&"-"&E72,'[1]Listado Lotes'!$K$3:$K$385,'[1]Listado Lotes'!$E$3:$E$385) -> 298.69 | N72: PUBLICADO | O72: 15000 | P72: 50.167224 | Q72: 0.3 | R72: 0.01 | S72: 4500 | T72: 10500 | U72: 323.75 | V72: 280 | W72: Verticales medianos
A73: 72 | B73: 5 | C73: F | D73: 3 | E73: 14 | F73: 199513 | G73: 46732 | H73: 442 | I73: 74448 | J73: 24491965 | K73: 89700 | L73: 2227878 | M73: =+_xlfn.XLOOKUP(D73&"-"&E73,'[1]Listado Lotes'!$K$3:$K$385,'[1]Listado Lotes'!$E$3:$E$385) -> 298.69 | N73: PUBLICADO | O73: 15000 | P73: 50.167224 | Q73: 0.3 | R73: 0.01 | S73: 4500 | T73: 10500 | U73: 323.75 | V73: 280 | W73: Verticales medianos
A74: 73 | B74: 5 | C74: F | D74: 3 | E74: 15 | F74: 199514 | G74: 46733 | H74: 442 | I74: 74449 | J74: 24491966 | K74: 98241 | L74: 2440026 | M74: =+_xlfn.XLOOKUP(D74&"-"&E74,'[1]Listado Lotes'!$K$3:$K$385,'[1]Listado Lotes'!$E$3:$E$385) -> 229.5 | N74: PUBLICADO | O74: 13500 | P74: 58.951965 | Q74: 0.3 | R74: 0.01 | S74: 4050 | T74: 9450 | U74: 291.375 | V74: 252 | W74: Laterales chicos sobre Patricias Argentinas
A75: 74 | B75: 5 | C75: F | D75: 3 | E75: 16 | F75: 199515 | G75: 46734 | H75: 442 | I75: 74450 | J75: 24491967 | K75: 75114 | L75: 1865606 | M75: =+_xlfn.XLOOKUP(D75&"-"&E75,'[1]Listado Lotes'!$K$3:$K$385,'[1]Listado Lotes'!$E$3:$E$385) -> 233.98 | N75: PUBLICADO | O75: 13500 | P75: 57.692308 | Q75: 0.3 | R75: 0.01 | S75: 4050 | T75: 9450 | U75: 291.375 | V75: 252 | W75: Laterales chicos sobre Patricias Argentinas
A76: 75 | B76: 5 | C76: F | D76: 3 | E76: 17 | F76: 199516 | G76: 46735 | H76: 442 | I76: 74451 | J76: 24491968 | K76: 75114 | L76: 1865606 | M76: =+_xlfn.XLOOKUP(D76&"-"&E76,'[1]Listado Lotes'!$K$3:$K$385,'[1]Listado Lotes'!$E$3:$E$385) -> 233.98 | N76: PUBLICADO | O76: 13500 | P76: 57.692308 | Q76: 0.3 | R76: 0.01 | S76: 4050 | T76: 9450 | U76: 291.375 | V76: 252 | W76: Laterales chicos sobre Patricias Argentinas
A77: 76 | B77: 5 | C77: F | D77: 3 | E77: 18 | F77: 199517 | G77: 46736 | H77: 442 | I77: 74452 | J77: 24491970 | K77: 75114 | L77: 1865606 | M77: =+_xlfn.XLOOKUP(D77&"-"&E77,'[1]Listado Lotes'!$K$3:$K$385,'[1]Listado Lotes'!$E$3:$E$385) -> 233.98 | N77: PUBLICADO | O77: 13500 | P77: 57.692308 | Q77: 0.3 | R77: 0.01 | S77: 4050 | T77: 9450 | U77: 291.375 | V77: 252 | W77: Laterales chicos sobre Patricias Argentinas
A78: 77 | B78: 5 | C78: F | D78: 3 | E78: 19 | F78: 199518 | G78: 46737 | H78: 442 | I78: 74453 | J78: 24491971 | K78: 75114 | L78: 1865606 | M78: =+_xlfn.XLOOKUP(D78&"-"&E78,'[1]Listado Lotes'!$K$3:$K$385,'[1]Listado Lotes'!$E$3:$E$385) -> 233.98 | N78: PUBLICADO | O78: 13500 | P78: 57.692308 | Q78: 0.3 | R78: 0.01 | S78: 4050 | T78: 9450 | U78: 291.375 | V78: 252 | W78: Laterales chicos sobre Patricias Argentinas
A79: 78 | B79: 5 | C79: F | D79: 3 | E79: 20 | F79: 199519 | G79: 46738 | H79: 442 | I79: 74454 | J79: 24491972 | K79: 98241 | L79: 2440026 | M79: =+_xlfn.XLOOKUP(D79&"-"&E79,'[1]Listado Lotes'!$K$3:$K$385,'[1]Listado Lotes'!$E$3:$E$385) -> 229.5 | N79: PUBLICADO | O79: 13500 | P79: 58.951965 | Q79: 0.3 | R79: 0.01 | S79: 4050 | T79: 9450 | U79: 291.375 | V79: 252 | W79: Laterales chicos sobre Patricias Argentinas
A80: 79 | B80: 5 | C80: F | D80: 3 | E80: 21 | F80: 199520 | G80: 46739 | H80: 442 | I80: 74455 | J80: 24491973 | K80: 89700 | L80: 2227878 | M80: =+_xlfn.XLOOKUP(D80&"-"&E80,'[1]Listado Lotes'!$K$3:$K$385,'[1]Listado Lotes'!$E$3:$E$385) -> 298.69 | N80: PUBLICADO | O80: 15000 | P80: 50.167224 | Q80: 0.3 | R80: 0.01 | S80: 4500 | T80: 10500 | U80: 323.75 | V80: 280 | W80: Verticales medianos
A81: 80 | B81: 5 | C81: F | D81: 3 | E81: 22 | F81: 199521 | G81: 46740 | H81: 442 | I81: 74456 | J81: 24491974 | K81: 89700 | L81: 2227878 | M81: =+_xlfn.XLOOKUP(D81&"-"&E81,'[1]Listado Lotes'!$K$3:$K$385,'[1]Listado Lotes'!$E$3:$E$385) -> 298.69 | N81: PUBLICADO | O81: 15000 | P81: 50.167224 | Q81: 0.3 | R81: 0.01 | S81: 4500 | T81: 10500 | U81: 323.75 | V81: 280 | W81: Verticales medianos
A82: 81 | B82: 5 | C82: F | D82: 3 | E82: 23 | F82: 199522 | G82: 46741 | H82: 442 | I82: 74457 | J82: 24491975 | K82: 89700 | L82: 2227878 | M82: =+_xlfn.XLOOKUP(D82&"-"&E82,'[1]Listado Lotes'!$K$3:$K$385,'[1]Listado Lotes'!$E$3:$E$385) -> 298.69 | N82: PUBLICADO | O82: 15000 | P82: 50.167224 | Q82: 0.3 | R82: 0.01 | S82: 4500 | T82: 10500 | U82: 323.75 | V82: 280 | W82: Verticales medianos
... A87: 86 | B87: 5 | C87: F | D87: 3 | E87: 28 | F87: 199527 | G87: 46746 | H87: 442 | I87: 74462 | J87: 24491980 | K87: 89700 | L87: 2227878 | M87: =+_xlfn.XLOOKUP(D87&"-"&E87,'[1]Listado Lotes'!$K$3:$K$385,'[1]Listado Lotes'!$E$3:$E$385) -> 298.69 | N87: PUBLICADO | O87: 15000 | P87: 50.167224 | Q87: 0.3 | R87: 0.01 | S87: 4500 | T87: 10500 | U87: 323.75 | V87: 280 | W87: Verticales medianos
A88: 87 | B88: 5 | C88: F | D88: 31 | E88: 1 | F88: 199558 | G88: 46815 | H88: 442 | I88: 74484 | J88: 24492167 | K88: 99099 | L88: 2461336 | M88: =+_xlfn.XLOOKUP(D88&"-"&E88,'[1]Listado Lotes'!$K$3:$K$385,'[1]Listado Lotes'!$E$3:$E$385) -> 230.52 | N88: NO DISPONIBLE | O88: #N/A | P88: #N/A | Q88: #N/A | R88: #N/A | S88: #N/A | T88: #N/A | W88: #N/A
A89: 88 | B89: 5 | C89: F | D89: 31 | E89: 2 | F89: 199559 | G89: 46816 | H89: 442 | I89: 74485 | J89: 24492170 | K89: 75114 | L89: 1865606 | M89: =+_xlfn.XLOOKUP(D89&"-"&E89,'[1]Listado Lotes'!$K$3:$K$385,'[1]Listado Lotes'!$E$3:$E$385) -> 233.98 | N89: NO DISPONIBLE | O89: #N/A | P89: #N/A | Q89: #N/A | R89: #N/A | S89: #N/A | T89: #N/A | W89: #N/A
A90: 89 | B90: 5 | C90: F | D90: 31 | E90: 3 | F90: 199560 | G90: 46817 | H90: 442 | I90: 74486 | J90: 24492173 | K90: 75114 | L90: 1865606 | M90: =+_xlfn.XLOOKUP(D90&"-"&E90,'[1]Listado Lotes'!$K$3:$K$385,'[1]Listado Lotes'!$E$3:$E$385) -> 233.98 | N90: NO DISPONIBLE | O90: #N/A | P90: #N/A | Q90: #N/A | R90: #N/A | S90: #N/A | T90: #N/A | W90: #N/A
A91: 90 | B91: 5 | C91: F | D91: 31 | E91: 4 | F91: 199561 | G91: 46818 | H91: 442 | I91: 74487 | J91: 24492175 | K91: 75114 | L91: 1865606 | M91: =+_xlfn.XLOOKUP(D91&"-"&E91,'[1]Listado Lotes'!$K$3:$K$385,'[1]Listado Lotes'!$E$3:$E$385) -> 233.98 | N91: NO DISPONIBLE | O91: #N/A | P91: #N/A | Q91: #N/A | R91: #N/A | S91: #N/A | T91: #N/A | W91: #N/A
A92: 91 | B92: 5 | C92: F | D92: 31 | E92: 5 | F92: 199562 | G92: 46819 | H92: 442 | I92: 74488 | J92: 24492178 | K92: 75114 | L92: 1865606 | M92: =+_xlfn.XLOOKUP(D92&"-"&E92,'[1]Listado Lotes'!$K$3:$K$385,'[1]Listado Lotes'!$E$3:$E$385) -> 233.98 | N92: NO DISPONIBLE | O92: #N/A | P92: #N/A | Q92: #N/A | R92: #N/A | S92: #N/A | T92: #N/A | W92: #N/A
A93: 92 | B93: 5 | C93: F | D93: 31 | E93: 6 | F93: 199563 | G93: 46820 | H93: 442 | I93: 74489 | J93: 24492180 | K93: 75114 | L93: 1865606 | M93: =+_xlfn.XLOOKUP(D93&"-"&E93,'[1]Listado Lotes'!$K$3:$K$385,'[1]Listado Lotes'!$E$3:$E$385) -> 233.98 | N93: NO DISPONIBLE | O93: #N/A | P93: #N/A | Q93: #N/A | R93: #N/A | S93: #N/A | T93: #N/A | W93: #N/A
A94: 93 | B94: 5 | C94: F | D94: 31 | E94: 10 | F94: 199567 | G94: 46824 | H94: 442 | I94: 74490 | J94: 24492190 | K94: 107460 | L94: 2668984 | M94: =+_xlfn.XLOOKUP(D94&"-"&E94,'[1]Listado Lotes'!$K$3:$K$385,'[1]Listado Lotes'!$E$3:$E$385) -> 398.26 | N94: NO DISPONIBLE | O94: #N/A | P94: #N/A | Q94: #N/A | R94: #N/A | S94: #N/A | T94: #N/A | W94: #N/A
A95: 94 | B95: 5 | C95: F | D95: 31 | E95: 11 | F95: 199568 | G95: 46825 | H95: 442 | I95: 74491 | J95: 24492194 | K95: 107460 | L95: 2668984 | M95: =+_xlfn.XLOOKUP(D95&"-"&E95,'[1]Listado Lotes'!$K$3:$K$385,'[1]Listado Lotes'!$E$3:$E$385) -> 398.26 | N95: NO DISPONIBLE | O95: #N/A | P95: #N/A | Q95: #N/A | R95: #N/A | S95: #N/A | T95: #N/A | W95: #N/A
A96: 95 | B96: 5 | C96: F | D96: 31 | E96: 12 | F96: 199569 | G96: 46826 | H96: 442 | I96: 74492 | J96: 24492197 | K96: 107460 | L96: 2668984 | M96: =+_xlfn.XLOOKUP(D96&"-"&E96,'[1]Listado Lotes'!$K$3:$K$385,'[1]Listado Lotes'!$E$3:$E$385) -> 398.26 | N96: NO DISPONIBLE | O96: #N/A | P96: #N/A | Q96: #N/A | R96: #N/A | S96: #N/A | T96: #N/A | W96: #N/A
A97: 96 | B97: 5 | C97: F | D97: 31 | E97: 13 | F97: 199570 | G97: 46827 | H97: 442 | I97: 74493 | J97: 24492202 | K97: 107460 | L97: 2668984 | M97: =+_xlfn.XLOOKUP(D97&"-"&E97,'[1]Listado Lotes'!$K$3:$K$385,'[1]Listado Lotes'!$E$3:$E$385) -> 398.26 | N97: NO DISPONIBLE | O97: #N/A | P97: #N/A | Q97: #N/A | R97: #N/A | S97: #N/A | T97: #N/A | W97: #N/A
A98: 97 | B98: 5 | C98: F | D98: 31 | E98: 14 | F98: 199571 | G98: 46828 | H98: 442 | I98: 74494 | J98: 24492204 | K98: 107460 | L98: 2668984 | M98: =+_xlfn.XLOOKUP(D98&"-"&E98,'[1]Listado Lotes'!$K$3:$K$385,'[1]Listado Lotes'!$E$3:$E$385) -> 398.26 | N98: NO DISPONIBLE | O98: #N/A | P98: #N/A | Q98: #N/A | R98: #N/A | S98: #N/A | T98: #N/A | W98: #N/A
A99: 98 | B99: 5 | C99: F | D99: 31 | E99: 15 | F99: 199572 | G99: 46829 | H99: 442 | I99: 74495 | J99: 24492205 | K99: 107460 | L99: 2668984 | M99: =+_xlfn.XLOOKUP(D99&"-"&E99,'[1]Listado Lotes'!$K$3:$K$385,'[1]Listado Lotes'!$E$3:$E$385) -> 398.26 | N99: NO DISPONIBLE | O99: #N/A | P99: #N/A | Q99: #N/A | R99: #N/A | S99: #N/A | T99: #N/A | W99: #N/A
... A120: 119 | B120: 5 | C120: F | D120: 32 | E120: 4 | F120: 199531 | G120: 46850 | H120: 442 | I120: 74297 | J120: 24495247 | K120: 75114 | L120: 1865606 | M120: =+_xlfn.XLOOKUP(D120&"-"&E120,'[1]Listado Lotes'!$K$3:$K$385,'[1]Listado Lotes'!$E$3:$E$385) -> 233.98 | N120: NO DISPONIBLE | O120: #N/A | P120: #N/A | Q120: #N/A | R120: #N/A | S120: #N/A | T120: #N/A | W120: #N/A
A121: 120 | B121: 5 | C121: F | D121: 32 | E121: 5 | F121: 199532 | G121: 6621-9 | H121: 442 | I121: 74298 | J121: 24495251 | K121: 75114 | L121: 1865606 | M121: =+_xlfn.XLOOKUP(D121&"-"&E121,'[1]Listado Lotes'!$K$3:$K$385,'[1]Listado Lotes'!$E$3:$E$385) -> 233.98 | N121: NO DISPONIBLE | O121: #N/A | P121: #N/A | Q121: #N/A | R121: #N/A | S121: #N/A | T121: #N/A | W121: #N/A
A122: 121 | B122: 5 | C122: F | D122: 32 | E122: 6 | F122: 199533 | G122: 46851 | H122: 442 | I122: 74299 | J122: 24495455 | K122: 98241 | L122: 2440026 | M122: =+_xlfn.XLOOKUP(D122&"-"&E122,'[1]Listado Lotes'!$K$3:$K$385,'[1]Listado Lotes'!$E$3:$E$385) -> 229.5 | N122: NO DISPONIBLE | O122: #N/A | P122: #N/A | Q122: #N/A | R122: #N/A | S122: #N/A | T122: #N/A | W122: #N/A
A123: 122 | B123: 5 | C123: F | D123: 32 | E123: 7 | F123: 199534 | G123: 46852 | H123: 442 | I123: 74300 | J123: 24495488 | K123: 89700 | L123: 2227878 | M123: =+_xlfn.XLOOKUP(D123&"-"&E123,'[1]Listado Lotes'!$K$3:$K$385,'[1]Listado Lotes'!$E$3:$E$385) -> 298.69 | N123: NO DISPONIBLE | O123: #N/A | P123: #N/A | Q123: #N/A | R123: #N/A | S123: #N/A | T123: #N/A | W123: #N/A
A124: 123 | B124: 5 | C124: F | D124: 32 | E124: 8 | F124: 199535 | G124: 46853 | H124: 442 | I124: 74301 | J124: 24495492 | K124: 89700 | L124: 2227878 | M124: =+_xlfn.XLOOKUP(D124&"-"&E124,'[1]Listado Lotes'!$K$3:$K$385,'[1]Listado Lotes'!$E$3:$E$385) -> 298.69 | N124: NO DISPONIBLE | O124: #N/A | P124: #N/A | Q124: #N/A | R124: #N/A | S124: #N/A | T124: #N/A | W124: #N/A
A125: 124 | B125: 5 | C125: F | D125: 32 | E125: 9 | F125: 199536 | G125: 46854 | H125: 442 | I125: 74302 | J125: 24495498 | K125: 89700 | L125: 2227878 | M125: =+_xlfn.XLOOKUP(D125&"-"&E125,'[1]Listado Lotes'!$K$3:$K$385,'[1]Listado Lotes'!$E$3:$E$385) -> 298.69 | N125: NO DISPONIBLE | O125: #N/A | P125: #N/A | Q125: #N/A | R125: #N/A | S125: #N/A | T125: #N/A | W125: #N/A
A126: 125 | B126: 5 | C126: F | D126: 32 | E126: 10 | F126: 199537 | G126: 46855 | H126: 442 | I126: 74303 | J126: 24495502 | K126: 89700 | L126: 2227878 | M126: =+_xlfn.XLOOKUP(D126&"-"&E126,'[1]Listado Lotes'!$K$3:$K$385,'[1]Listado Lotes'!$E$3:$E$385) -> 298.69 | N126: NO DISPONIBLE | O126: #N/A | P126: #N/A | Q126: #N/A | R126: #N/A | S126: #N/A | T126: #N/A | W126: #N/A
A127: 126 | B127: 5 | C127: F | D127: 32 | E127: 11 | F127: 199538 | G127: 46856 | H127: 442 | I127: 74304 | J127: 24495507 | K127: 89700 | L127: 2227878 | M127: =+_xlfn.XLOOKUP(D127&"-"&E127,'[1]Listado Lotes'!$K$3:$K$385,'[1]Listado Lotes'!$E$3:$E$385) -> 298.69 | N127: NO DISPONIBLE | O127: #N/A | P127: #N/A | Q127: #N/A | R127: #N/A | S127: #N/A | T127: #N/A | W127: #N/A
A128: 127 | B128: 5 | C128: F | D128: 32 | E128: 12 | F128: 199539 | G128: 46857 | H128: 442 | I128: 74305 | J128: 24495509 | K128: 89700 | L128: 2227878 | M128: =+_xlfn.XLOOKUP(D128&"-"&E128,'[1]Listado Lotes'!$K$3:$K$385,'[1]Listado Lotes'!$E$3:$E$385) -> 298.69 | N128: NO DISPONIBLE | O128: #N/A | P128: #N/A | Q128: #N/A | R128: #N/A | S128: #N/A | T128: #N/A | W128: #N/A
A129: 128 | B129: 5 | C129: F | D129: 32 | E129: 13 | F129: 199540 | G129: 44934-4 | H129: 442 | I129: 74306 | J129: 24495519 | K129: 89700 | L129: 2227878 | M129: =+_xlfn.XLOOKUP(D129&"-"&E129,'[1]Listado Lotes'!$K$3:$K$385,'[1]Listado Lotes'!$E$3:$E$385) -> 298.69 | N129: NO DISPONIBLE | O129: #N/A | P129: #N/A | Q129: #N/A | R129: #N/A | S129: #N/A | T129: #N/A | W129: #N/A
A130: 129 | B130: 5 | C130: F | D130: 32 | E130: 14 | F130: 199541 | G130: 46858 | H130: 442 | I130: 74307 | J130: 24495521 | K130: 89700 | L130: 2227878 | M130: =+_xlfn.XLOOKUP(D130&"-"&E130,'[1]Listado Lotes'!$K$3:$K$385,'[1]Listado Lotes'!$E$3:$E$385) -> 298.69 | N130: NO DISPONIBLE | O130: #N/A | P130: #N/A | Q130: #N/A | R130: #N/A | S130: #N/A | T130: #N/A | W130: #N/A
A131: 130 | B131: 5 | C131: F | D131: 32 | E131: 15 | F131: 199542 | G131: 46859 | H131: 442 | I131: 74308 | J131: 24495537 | K131: 98241 | L131: 2440026 | M131: =+_xlfn.XLOOKUP(D131&"-"&E131,'[1]Listado Lotes'!$K$3:$K$385,'[1]Listado Lotes'!$E$3:$E$385) -> 229.5 | N131: NO DISPONIBLE | O131: #N/A | P131: #N/A | Q131: #N/A | R131: #N/A | S131: #N/A | T131: #N/A | W131: #N/A
A132: 131 | B132: 5 | C132: F | D132: 32 | E132: 16 | F132: 199543 | G132: 46860 | H132: 442 | I132: 74309 | J132: 24495601 | K132: 75114 | L132: 1865606 | M132: =+_xlfn.XLOOKUP(D132&"-"&E132,'[1]Listado Lotes'!$K$3:$K$385,'[1]Listado Lotes'!$E$3:$E$385) -> 233.98 | N132: NO DISPONIBLE | O132: #N/A | P132: #N/A | Q132: #N/A | R132: #N/A | S132: #N/A | T132: #N/A | W132: #N/A
A133: 132 | B133: 5 | C133: F | D133: 32 | E133: 17 | F133: 199544 | G133: 46861 | H133: 442 | I133: 74310 | J133: 24495604 | K133: 75114 | L133: 1865606 | M133: =+_xlfn.XLOOKUP(D133&"-"&E133,'[1]Listado Lotes'!$K$3:$K$385,'[1]Listado Lotes'!$E$3:$E$385) -> 233.98 | N133: NO DISPONIBLE | O133: #N/A | P133: #N/A | Q133: #N/A | R133: #N/A | S133: #N/A | T133: #N/A | W133: #N/A
A134: 133 | B134: 5 | C134: F | D134: 32 | E134: 18 | F134: 199545 | G134: 46862 | H134: 442 | I134: 74311 | J134: 24496050 | K134: 75114 | L134: 1865606 | M134: =+_xlfn.XLOOKUP(D134&"-"&E134,'[1]Listado Lotes'!$K$3:$K$385,'[1]Listado Lotes'!$E$3:$E$385) -> 233.98 | N134: NO DISPONIBLE | O134: #N/A | P134: #N/A | Q134: #N/A | R134: #N/A | S134: #N/A | T134: #N/A | W134: #N/A
A135: 134 | B135: 5 | C135: F | D135: 32 | E135: 19 | F135: 199546 | G135: 46863 | H135: 442 | I135: 74312 | J135: 24496038 | K135: 75114 | L135: 1865606 | M135: =+_xlfn.XLOOKUP(D135&"-"&E135,'[1]Listado Lotes'!$K$3:$K$385,'[1]Listado Lotes'!$E$3:$E$385) -> 233.98 | N135: NO DISPONIBLE | O135: #N/A | P135: #N/A | Q135: #N/A | R135: #N/A | S135: #N/A | T135: #N/A | W135: #N/A
A136: 135 | B136: 5 | C136: F | D136: 32 | E136: 20 | F136: 199547 | G136: 46864 | H136: 442 | I136: 74313 | J136: 24496040 | K136: 98241 | L136: 2440026 | M136: =+_xlfn.XLOOKUP(D136&"-"&E136,'[1]Listado Lotes'!$K$3:$K$385,'[1]Listado Lotes'!$E$3:$E$385) -> 229.5 | N136: NO DISPONIBLE | O136: #N/A | P136: #N/A | Q136: #N/A | R136: #N/A | S136: #N/A | T136: #N/A | W136: #N/A
A137: 136 | B137: 5 | C137: F | D137: 32 | E137: 21 | F137: 199548 | G137: 46865 | H137: 442 | I137: 74314 | J137: 24496042 | K137: 89700 | L137: 2227878 | M137: =+_xlfn.XLOOKUP(D137&"-"&E137,'[1]Listado Lotes'!$K$3:$K$385,'[1]Listado Lotes'!$E$3:$E$385) -> 298.69 | N137: NO DISPONIBLE | O137: #N/A | P137: #N/A | Q137: #N/A | R137: #N/A | S137: #N/A | T137: #N/A | W137: #N/A
A138: 137 | B138: 5 | C138: F | D138: 32 | E138: 22 | F138: 199549 | G138: 46866 | H138: 442 | I138: 74315 | J138: 24496043 | K138: 89700 | L138: 2227878 | M138: =+_xlfn.XLOOKUP(D138&"-"&E138,'[1]Listado Lotes'!$K$3:$K$385,'[1]Listado Lotes'!$E$3:$E$385) -> 298.69 | N138: NO DISPONIBLE | O138: #N/A | P138: #N/A | Q138: #N/A | R138: #N/A | S138: #N/A | T138: #N/A | W138: #N/A
A139: 138 | B139: 5 | C139: F | D139: 32 | E139: 23 | F139: 199550 | G139: 46867 | H139: 442 | I139: 74316 | J139: 24496044 | K139: 89700 | L139: 2227878 | M139: =+_xlfn.XLOOKUP(D139&"-"&E139,'[1]Listado Lotes'!$K$3:$K$385,'[1]Listado Lotes'!$E$3:$E$385) -> 298.69 | N139: NO DISPONIBLE | O139: #N/A | P139: #N/A | Q139: #N/A | R139: #N/A | S139: #N/A | T139: #N/A | W139: #N/A
A140: 139 | B140: 5 | C140: F | D140: 32 | E140: 24 | F140: 199551 | G140: 46528 | H140: 442 | I140: 74317 | J140: 24496048 | K140: 89700 | L140: 2227878 | M140: =+_xlfn.XLOOKUP(D140&"-"&E140,'[1]Listado Lotes'!$K$3:$K$385,'[1]Listado Lotes'!$E$3:$E$385) -> 298.69 | N140: NO DISPONIBLE | O140: #N/A | P140: #N/A | Q140: #N/A | R140: #N/A | S140: #N/A | T140: #N/A | W140: #N/A
A141: 140 | B141: 5 | C141: F | D141: 32 | E141: 25 | F141: 199552 | G141: 46529 | H141: 442 | I141: 74318 | J141: 24496052 | K141: 89700 | L141: 2227878 | M141: =+_xlfn.XLOOKUP(D141&"-"&E141,'[1]Listado Lotes'!$K$3:$K$385,'[1]Listado Lotes'!$E$3:$E$385) -> 298.69 | N141: NO DISPONIBLE | O141: #N/A | P141: #N/A | Q141: #N/A | R141: #N/A | S141: #N/A | T141: #N/A | W141: #N/A
... A144: 143 | B144: 5 | C144: F | D144: 32 | E144: 28 | F144: 199555 | G144: 46532 | H144: 442 | I144: 74321 | J144: 24496074 | K144: 89700 | L144: 2227878 | M144: =+_xlfn.XLOOKUP(D144&"-"&E144,'[1]Listado Lotes'!$K$3:$K$385,'[1]Listado Lotes'!$E$3:$E$385) -> 298.69 | N144: NO DISPONIBLE | O144: #N/A | P144: #N/A | Q144: #N/A | R144: #N/A | S144: #N/A | T144: #N/A | W144: #N/A
A145: 144 | B145: 5 | C145: F | D145: 33 | E145: 1 | F145: 199634 | G145: 46533 | H145: 442 | I145: 74258 | J145: 24496078 | K145: 93432 | L145: 2320570 | M145: =+_xlfn.XLOOKUP(D145&"-"&E145,'[1]Listado Lotes'!$K$3:$K$385,'[1]Listado Lotes'!$E$3:$E$385) -> 229.5 | N145: PUBLICADO | O145: 13500 | P145: 58.951965 | Q145: 0.3 | R145: 0.01 | S145: 4050 | T145: 9450 | U145: 291.375 | V145: 252 | W145: Laterales chicos sobre Patricias Argentinas
A146: 145 | B146: 5 | C146: F | D146: 33 | E146: 2 | F146: 199635 | G146: 46534 | H146: 442 | I146: 74259 | J146: 24496080 | K146: 75114 | L146: 1865606 | M146: =+_xlfn.XLOOKUP(D146&"-"&E146,'[1]Listado Lotes'!$K$3:$K$385,'[1]Listado Lotes'!$E$3:$E$385) -> 233.98 | N146: PUBLICADO | O146: 13500 | P146: 57.692308 | Q146: 0.3 | R146: 0.01 | S146: 4050 | T146: 9450 | U146: 291.375 | V146: 252 | W146: Laterales chicos sobre Patricias Argentinas
A147: 146 | B147: 5 | C147: F | D147: 33 | E147: 3 | F147: 199636 | G147: 6622-6 | H147: 442 | I147: 74260 | J147: 24496083 | K147: 75114 | L147: 1865606 | M147: =+_xlfn.XLOOKUP(D147&"-"&E147,'[1]Listado Lotes'!$K$3:$K$385,'[1]Listado Lotes'!$E$3:$E$385) -> 233.98 | N147: PUBLICADO | O147: 13500 | P147: 57.692308 | Q147: 0.3 | R147: 0.01 | S147: 4050 | T147: 9450 | U147: 291.375 | V147: 252 | W147: Laterales chicos sobre Patricias Argentinas
A148: 147 | B148: 5 | C148: F | D148: 33 | E148: 4 | F148: 199637 | G148: 6623-3 | H148: 442 | I148: 74261 | J148: 24496090 | K148: 75114 | L148: 1865606 | M148: =+_xlfn.XLOOKUP(D148&"-"&E148,'[1]Listado Lotes'!$K$3:$K$385,'[1]Listado Lotes'!$E$3:$E$385) -> 233.98 | N148: PUBLICADO | O148: 13500 | P148: 57.692308 | Q148: 0.3 | R148: 0.01 | S148: 4050 | T148: 9450 | U148: 291.375 | V148: 252 | W148: Laterales chicos sobre Patricias Argentinas
A149: 148 | B149: 5 | C149: F | D149: 33 | E149: 5 | F149: 199638 | G149: 6624-0 | H149: 442 | I149: 74262 | J149: 24496133 | K149: 75114 | L149: 1865606 | M149: =+_xlfn.XLOOKUP(D149&"-"&E149,'[1]Listado Lotes'!$K$3:$K$385,'[1]Listado Lotes'!$E$3:$E$385) -> 233.98 | N149: PUBLICADO | O149: 13500 | P149: 57.692308 | Q149: 0.3 | R149: 0.01 | S149: 4050 | T149: 9450 | U149: 291.375 | V149: 252 | W149: Laterales chicos sobre Patricias Argentinas
A150: 149 | B150: 5 | C150: F | D150: 33 | E150: 6 | F150: 199639 | G150: 6625-7 | H150: 442 | I150: 74263 | J150: 24496137 | K150: 93432 | L150: 2320570 | M150: =+_xlfn.XLOOKUP(D150&"-"&E150,'[1]Listado Lotes'!$K$3:$K$385,'[1]Listado Lotes'!$E$3:$E$385) -> 229.5 | N150: PUBLICADO | O150: 13500 | P150: 58.951965 | Q150: 0.3 | R150: 0.01 | S150: 4050 | T150: 9450 | U150: 291.375 | V150: 252 | W150: Laterales chicos sobre Patricias Argentinas
A151: 150 | B151: 5 | C151: F | D151: 33 | E151: 7 | F151: 199640 | G151: 6626-4 | H151: 442 | I151: 74264 | J151: 24496140 | K151: 89700 | L151: 2227878 | M151: =+_xlfn.XLOOKUP(D151&"-"&E151,'[1]Listado Lotes'!$K$3:$K$385,'[1]Listado Lotes'!$E$3:$E$385) -> 298.69 | N151: PUBLICADO | O151: 15000 | P151: 50.167224 | Q151: 0.3 | R151: 0.01 | S151: 4500 | T151: 10500 | U151: 323.75 | V151: 280 | W151: Verticales medianos
A152: 151 | B152: 5 | C152: F | D152: 33 | E152: 8 | F152: 199641 | G152: 6627-1 | H152: 442 | I152: 74265 | J152: 24496141 | K152: 89700 | L152: 2227878 | M152: =+_xlfn.XLOOKUP(D152&"-"&E152,'[1]Listado Lotes'!$K$3:$K$385,'[1]Listado Lotes'!$E$3:$E$385) -> 298.69 | N152: PUBLICADO | O152: 15000 | P152: 50.167224 | Q152: 0.3 | R152: 0.01 | S152: 4500 | T152: 10500 | U152: 323.75 | V152: 280 | W152: Verticales medianos
A153: 152 | B153: 5 | C153: F | D153: 33 | E153: 9 | F153: 199642 | G153: 6628-8 | H153: 442 | I153: 74266 | J153: 24496143 | K153: 89700 | L153: 2227878 | M153: =+_xlfn.XLOOKUP(D153&"-"&E153,'[1]Listado Lotes'!$K$3:$K$385,'[1]Listado Lotes'!$E$3:$E$385) -> 298.69 | N153: PUBLICADO | O153: 15000 | P153: 50.167224 | Q153: 0.3 | R153: 0.01 | S153: 4500 | T153: 10500 | U153: 323.75 | V153: 280 | W153: Verticales medianos
A154: 153 | B154: 5 | C154: F | D154: 33 | E154: 10 | F154: 199643 | G154: 6629-5 | H154: 442 | I154: 74267 | J154: 24496149 | K154: 89700 | L154: 2227878 | M154: =+_xlfn.XLOOKUP(D154&"-"&E154,'[1]Listado Lotes'!$K$3:$K$385,'[1]Listado Lotes'!$E$3:$E$385) -> 298.69 | N154: PUBLICADO | O154: 15000 | P154: 50.167224 | Q154: 0.3 | R154: 0.01 | S154: 4500 | T154: 10500 | U154: 323.75 | V154: 280 | W154: Verticales medianos
A155: 154 | B155: 5 | C155: F | D155: 33 | E155: 11 | F155: 199644 | G155: 6630-1 | H155: 442 | I155: 74268 | J155: 24496151 | K155: 89700 | L155: 2227878 | M155: =+_xlfn.XLOOKUP(D155&"-"&E155,'[1]Listado Lotes'!$K$3:$K$385,'[1]Listado Lotes'!$E$3:$E$385) -> 298.69 | N155: PUBLICADO | O155: 15000 | P155: 50.167224 | Q155: 0.3 | R155: 0.01 | S155: 4500 | T155: 10500 | U155: 323.75 | V155: 280 | W155: Verticales medianos
A156: 155 | B156: 5 | C156: F | D156: 33 | E156: 12 | F156: 199645 | G156: 6631-8 | H156: 442 | I156: 74269 | J156: 24496171 | K156: 89700 | L156: 2227878 | M156: =+_xlfn.XLOOKUP(D156&"-"&E156,'[1]Listado Lotes'!$K$3:$K$385,'[1]Listado Lotes'!$E$3:$E$385) -> 298.69 | N156: PUBLICADO | O156: 15000 | P156: 50.167224 | Q156: 0.3 | R156: 0.01 | S156: 4500 | T156: 10500 | U156: 323.75 | V156: 280 | W156: Verticales medianos
A157: 156 | B157: 5 | C157: F | D157: 33 | E157: 13 | F157: 199646 | G157: 6632-5 | H157: 442 | I157: 74270 | J157: 24496206 | K157: 89700 | L157: 2227878 | M157: =+_xlfn.XLOOKUP(D157&"-"&E157,'[1]Listado Lotes'!$K$3:$K$385,'[1]Listado Lotes'!$E$3:$E$385) -> 298.69 | N157: RESERVADO | O157: 15000 | P157: 50.167224 | Q157: 0.3 | R157: 0.01 | S157: 4500 | T157: 10500 | U157: 323.75 | V157: 280 | W157: Verticales medianos
A158: 157 | B158: 5 | C158: F | D158: 33 | E158: 14 | F158: 199647 | G158: 6633-2 | H158: 442 | I158: 74271 | J158: 24496211 | K158: 89700 | L158: 2227878 | M158: =+_xlfn.XLOOKUP(D158&"-"&E158,'[1]Listado Lotes'!$K$3:$K$385,'[1]Listado Lotes'!$E$3:$E$385) -> 298.69 | N158: PUBLICADO | O158: 15000 | P158: 50.167224 | Q158: 0.3 | R158: 0.01 | S158: 4500 | T158: 10500 | U158: 323.75 | V158: 280 | W158: Verticales medianos
... A172: 171 | B172: 5 | C172: F | D172: 33 | E172: 28 | F172: 199661 | G172: 6646-2 | H172: 442 | I172: 74285 | J172: 24496360 | K172: 89700 | L172: 2227878 | M172: =+_xlfn.XLOOKUP(D172&"-"&E172,'[1]Listado Lotes'!$K$3:$K$385,'[1]Listado Lotes'!$E$3:$E$385) -> 298.69 | N172: PUBLICADO | O172: 15000 | P172: 50.167224 | Q172: 0.3 | R172: 0.01 | S172: 4500 | T172: 10500 | U172: 323.75 | V172: 280 | W172: Verticales medianos
A173: 172 | B173: 5 | C173: F | D173: 94 | E173: 1 | F173: 199602 | G173: 46588 | H173: 442 | I173: 74374 | J173: 24496485 | K173: 102720 | L173: 2551256 | M173: =+_xlfn.XLOOKUP(D173&"-"&E173,'[1]Listado Lotes'!$K$3:$K$385,'[1]Listado Lotes'!$E$3:$E$385) -> 214.24 | N173: NO DISPONIBLE | O173: #N/A | P173: #N/A | Q173: #N/A | R173: #N/A | S173: #N/A | T173: #N/A | W173: #N/A
A174: 173 | B174: 5 | C174: F | D174: 94 | E174: 2 | F174: 199603 | G174: 46589 | H174: 442 | I174: 74378 | J174: 24496488 | K174: 75114 | L174: 1865606 | M174: =+_xlfn.XLOOKUP(D174&"-"&E174,'[1]Listado Lotes'!$K$3:$K$385,'[1]Listado Lotes'!$E$3:$E$385) -> 233.98 | N174: NO DISPONIBLE | O174: #N/A | P174: #N/A | Q174: #N/A | R174: #N/A | S174: #N/A | T174: #N/A | W174: #N/A
A175: 174 | B175: 5 | C175: F | D175: 94 | E175: 3 | F175: 199604 | G175: 46590 | H175: 442 | I175: 74379 | J175: 24496490 | K175: 75114 | L175: 1865606 | M175: =+_xlfn.XLOOKUP(D175&"-"&E175,'[1]Listado Lotes'!$K$3:$K$385,'[1]Listado Lotes'!$E$3:$E$385) -> 233.98 | N175: NO DISPONIBLE | O175: #N/A | P175: #N/A | Q175: #N/A | R175: #N/A | S175: #N/A | T175: #N/A | W175: #N/A
A176: 175 | B176: 5 | C176: F | D176: 94 | E176: 4 | F176: 199605 | G176: 46591 | H176: 442 | I176: 74350 | J176: 24496492 | K176: 75114 | L176: 1865606 | M176: =+_xlfn.XLOOKUP(D176&"-"&E176,'[1]Listado Lotes'!$K$3:$K$385,'[1]Listado Lotes'!$E$3:$E$385) -> 233.98 | N176: NO DISPONIBLE | O176: #N/A | P176: #N/A | Q176: #N/A | R176: #N/A | S176: #N/A | T176: #N/A | W176: #N/A
A177: 176 | B177: 5 | C177: F | D177: 94 | E177: 5 | F177: 199606 | G177: 46592 | H177: 442 | I177: 74351 | J177: 24496563 | K177: 75114 | L177: 1865606 | M177: =+_xlfn.XLOOKUP(D177&"-"&E177,'[1]Listado Lotes'!$K$3:$K$385,'[1]Listado Lotes'!$E$3:$E$385) -> 233.98 | N177: NO DISPONIBLE | O177: #N/A | P177: #N/A | Q177: #N/A | R177: #N/A | S177: #N/A | T177: #N/A | W177: #N/A
A178: 177 | B178: 5 | C178: F | D178: 94 | E178: 6 | F178: 199607 | G178: 46593 | H178: 442 | I178: 74352 | J178: 24496567 | K178: 75114 | L178: 1865606 | M178: =+_xlfn.XLOOKUP(D178&"-"&E178,'[1]Listado Lotes'!$K$3:$K$385,'[1]Listado Lotes'!$E$3:$E$385) -> 233.98 | N178: NO DISPONIBLE | O178: #N/A | P178: #N/A | Q178: #N/A | R178: #N/A | S178: #N/A | T178: #N/A | W178: #N/A
A179: 178 | B179: 5 | C179: F | D179: 94 | E179: 7 | F179: 199608 | G179: 46594 | H179: 442 | I179: 74353 | J179: 24496568 | K179: 93432 | L179: 2320570 | M179: =+_xlfn.XLOOKUP(D179&"-"&E179,'[1]Listado Lotes'!$K$3:$K$385,'[1]Listado Lotes'!$E$3:$E$385) -> 229.5 | N179: NO DISPONIBLE | O179: #N/A | P179: #N/A | Q179: #N/A | R179: #N/A | S179: #N/A | T179: #N/A | W179: #N/A
A180: 179 | B180: 5 | C180: F | D180: 94 | E180: 8 | F180: 199609 | G180: 46595 | H180: 442 | I180: 74354 | J180: 24496571 | K180: 107460 | L180: 2668984 | M180: =+_xlfn.XLOOKUP(D180&"-"&E180,'[1]Listado Lotes'!$K$3:$K$385,'[1]Listado Lotes'!$E$3:$E$385) -> 398.26 | N180: NO DISPONIBLE | O180: #N/A | P180: #N/A | Q180: #N/A | R180: #N/A | S180: #N/A | T180: #N/A | W180: #N/A
A181: 180 | B181: 5 | C181: F | D181: 94 | E181: 9 | F181: 199610 | G181: 46596 | H181: 442 | I181: 74355 | J181: 24496573 | K181: 107460 | L181: 2668984 | M181: =+_xlfn.XLOOKUP(D181&"-"&E181,'[1]Listado Lotes'!$K$3:$K$385,'[1]Listado Lotes'!$E$3:$E$385) -> 398.26 | N181: NO DISPONIBLE | O181: #N/A | P181: #N/A | Q181: #N/A | R181: #N/A | S181: #N/A | T181: #N/A | W181: #N/A
A182: 181 | B182: 5 | C182: F | D182: 94 | E182: 10 | F182: 199611 | G182: 46597 | H182: 442 | I182: 74356 | J182: 24496576 | K182: 107460 | L182: 2668984 | M182: =+_xlfn.XLOOKUP(D182&"-"&E182,'[1]Listado Lotes'!$K$3:$K$385,'[1]Listado Lotes'!$E$3:$E$385) -> 398.26 | N182: NO DISPONIBLE | O182: #N/A | P182: #N/A | Q182: #N/A | R182: #N/A | S182: #N/A | T182: #N/A | W182: #N/A
A183: 182 | B183: 5 | C183: F | D183: 94 | E183: 11 | F183: 199612 | G183: 46598 | H183: 442 | I183: 74361 | J183: 24496577 | K183: 107460 | L183: 2668984 | M183: =+_xlfn.XLOOKUP(D183&"-"&E183,'[1]Listado Lotes'!$K$3:$K$385,'[1]Listado Lotes'!$E$3:$E$385) -> 398.26 | N183: NO DISPONIBLE | O183: #N/A | P183: #N/A | Q183: #N/A | R183: #N/A | S183: #N/A | T183: #N/A | W183: #N/A
A184: 183 | B184: 5 | C184: F | D184: 94 | E184: 12 | F184: 199613 | G184: 46599 | H184: 442 | I184: 74362 | J184: 24496587 | K184: 107460 | L184: 2668984 | M184: =+_xlfn.XLOOKUP(D184&"-"&E184,'[1]Listado Lotes'!$K$3:$K$385,'[1]Listado Lotes'!$E$3:$E$385) -> 398.26 | N184: NO DISPONIBLE | O184: #N/A | P184: #N/A | Q184: #N/A | R184: #N/A | S184: #N/A | T184: #N/A | W184: #N/A
... A204: 203 | B204: 5 | C204: F | D204: 94 | E204: 32 | F204: 199633 | G204: 46619 | H204: 442 | I204: 75776 | J204: 24496775 | K204: 81075 | L204: 2013674 | M204: =+_xlfn.XLOOKUP(D204&"-"&E204,'[1]Listado Lotes'!$K$3:$K$385,'[1]Listado Lotes'!$E$3:$E$385) -> 235 | N204: NO DISPONIBLE | O204: #N/A | P204: #N/A | Q204: #N/A | R204: #N/A | S204: #N/A | T204: #N/A | W204: #N/A
A205: 204 | B205: 5 | C205: F | D205: 95 | E205: 2 | F205: 95545 | G205: 46621-7 | H205: 442 | I205: 74399 | J205: 24502844 | K205: 74412 | L205: 1848170 | M205: =+_xlfn.XLOOKUP(D205&"-"&E205,'[1]Listado Lotes'!$K$3:$K$385,'[1]Listado Lotes'!$E$3:$E$385) -> 233.98 | N205: NO DISPONIBLE | O205: #N/A | P205: #N/A | Q205: #N/A | R205: #N/A | S205: #N/A | T205: #N/A | W205: #N/A
...

Sheet Original Lotes Escritura
A1: N° Hugo | B1: Circunscripción | C1: Sección | D1: Manzana | E1: Parcela | F1: Partida ARBA | G1: Partida Municipal | H1: Escritura | I1: Matrícula / Folio | J1: Certificado Catastral | K1: Valuación Fiscal | L1: VF al Acto
A2: 1 | B2: 1 | C2: 1 | E2: 1 | F2: 199468 | G2: 46662 | H2: 442 | I2: 74463 | J2: 24495422 | K2: 94248 | L2: 2340837
A3: 2 | B3: 1 | C3: 1 | E3: 2 | F3: 199469 | G3: 46663 | H3: 442 | I3: 74464 | J3: 24495426 | K3: 95472 | L3: 2371238
A4: 3 | B4: 1 | C4: 1 | E4: 3 | F4: 199470 | G4: 46664 | H4: 442 | I4: 74465 | J4: 24495433 | K4: 75114 | L4: 1865606
A5: 4 | B5: 1 | C5: 1 | E5: 4 | F5: 199471 | G5: 46665 | H5: 442 | I5: 74466 | J5: 24495436 | K5: 75114 | L5: 1865606
A6: 5 | B6: 1 | C6: 1 | E6: 5 | F6: 199472 | G6: 46666 | H6: 442 | I6: 74467 | J6: 24495439 | K6: 75114 | L6: 1865606
A7: 6 | B7: 1 | C7: 1 | E7: 6 | F7: 199473 | G7: 46667 | H7: 442 | I7: 74468 | J7: 24495443 | K7: 75114 | L7: 1865606
A8: 7 | B8: 1 | C8: 1 | E8: 7 | F8: 199474 | G8: 46668 | H8: 442 | I8: 74469 | J8: 24495802 | K8: 98241 | L8: 2440026
A9: 8 | B9: 1 | C9: 1 | E9: 8 | F9: 199475 | G9: 44932 | H9: 442 | I9: 74992 | J9: 24495786 | K9: 107460 | L9: 2668984
A10: 9 | B10: 1 | C10: 1 | E10: 9 | F10: 199476 | G10: 46669 | H10: 442 | I10: 74470 | J10: 24495795 | K10: 107460 | L10: 2668984
A11: 10 | B11: 1 | C11: 1 | E11: 10 | F11: 199477 | G11: 46670 | H11: 442 | I11: 74471 | J11: 24495894 | K11: 107460 | L11: 2668984
A12: 11 | B12: 1 | C12: 1 | E12: 11 | F12: 199478 | G12: 46671 | H12: 442 | I12: 74472 | J12: 24495897 | K12: 107460 | L12: 2668984
A13: 12 | B13: 1 | C13: 1 | E13: 12 | F13: 199479 | G13: 466672 | H13: 442 | I13: 74474 | J13: 24495902 | K13: 107460 | L13: 2668984
... A69: 68 | B69: 1 | C69: 3 | E69: 9 | F69: 199508 | G69: 46728 | H69: 442 | I69: 74444 | J69: 24491959 | K69: 89700 | L69: 2227878
A70: 69 | B70: 1 | C70: 3 | E70: 10 | F70: 199509 | G70: 6620-2 | H70: 442 | I70: 74445 | J70: 24491960 | K70: 89700 | L70: 2227878
A71: 70 | B71: 1 | C71: 3 | E71: 11 | F71: 199510 | G71: 46729 | H71: 442 | I71: 74446 | J71: 24491961 | K71: 89700 | L71: 2227878
A72: 71 | B72: 1 | C72: 3 | E72: 12 | F72: 199511 | G72: 46730 | H72: 442 | I72: 74447 | J72: 24491962 | K72: 89700 | L72: 2227878
A73: 72 | B73: 1 | C73: 3 | E73: 14 | F73: 199513 | G73: 46732 | H73: 442 | I73: 74448 | J73: 24491965 | K73: 89700 | L73: 2227878
A74: 73 | B74: 1 | C74: 3 | E74: 15 | F74: 199514 | G74: 46733 | H74: 442 | I74: 74449 | J74: 24491966 | K74: 98241 | L74: 2440026
A75: 74 | B75: 1 | C75: 3 | E75: 16 | F75: 199515 | G75: 46734 | H75: 442 | I75: 74450 | J75: 24491967 | K75: 75114 | L75: 1865606
A76: 75 | B76: 1 | C76: 3 | E76: 17 | F76: 199516 | G76: 46735 | H76: 442 | I76: 74451 | J76: 24491968 | K76: 75114 | L76: 1865606
A77: 76 | B77: 1 | C77: 3 | E77: 18 | F77: 199517 | G77: 46736 | H77: 442 | I77: 74452 | J77: 24491970 | K77: 75114 | L77: 1865606
A78: 77 | B78: 1 | C78: 3 | E78: 19 | F78: 199518 | G78: 46737 | H78: 442 | I78: 74453 | J78: 24491971 | K78: 75114 | L78: 1865606
A79: 78 | B79: 1 | C79: 3 | E79: 20 | F79: 199519 | G79: 46738 | H79: 442 | I79: 74454 | J79: 24491972 | K79: 98241 | L79: 2440026
A80: 79 | B80: 1 | C80: 3 | E80: 21 | F80: 199520 | G80: 46739 | H80: 442 | I80: 74455 | J80: 24491973 | K80: 89700 | L80: 2227878
A81: 80 | B81: 1 | C81: 3 | E81: 22 | F81: 199521 | G81: 46740 | H81: 442 | I81: 74456 | J81: 24491974 | K81: 89700 | L81: 2227878
A82: 81 | B82: 1 | C82: 3 | E82: 23 | F82: 199522 | G82: 46741 | H82: 442 | I82: 74457 | J82: 24491975 | K82: 89700 | L82: 2227878
... A120: 119 | B120: 1 | C120: 32 | E120: 4 | F120: 199531 | G120: 46850 | H120: 442 | I120: 74297 | J120: 24495247 | K120: 75114 | L120: 1865606
A121: 120 | B121: 1 | C121: 32 | E121: 5 | F121: 199532 | G121: 6621-9 | H121: 442 | I121: 74298 | J121: 24495251 | K121: 75114 | L121: 1865606
A122: 121 | B122: 1 | C122: 32 | E122: 6 | F122: 199533 | G122: 46851 | H122: 442 | I122: 74299 | J122: 24495455 | K122: 98241 | L122: 2440026
A123: 122 | B123: 1 | C123: 32 | E123: 7 | F123: 199534 | G123: 46852 | H123: 442 | I123: 74300 | J123: 24495488 | K123: 89700 | L123: 2227878
A124: 123 | B124: 1 | C124: 32 | E124: 8 | F124: 199535 | G124: 46853 | H124: 442 | I124: 74301 | J124: 24495492 | K124: 89700 | L124: 2227878
A125: 124 | B125: 1 | C125: 32 | E125: 9 | F125: 199536 | G125: 46854 | H125: 442 | I125: 74302 | J125: 24495498 | K125: 89700 | L125: 2227878
A126: 125 | B126: 1 | C126: 32 | E126: 10 | F126: 199537 | G126: 46855 | H126: 442 | I126: 74303 | J126: 24495502 | K126: 89700 | L126: 2227878
A127: 126 | B127: 1 | C127: 32 | E127: 11 | F127: 199538 | G127: 46856 | H127: 442 | I127: 74304 | J127: 24495507 | K127: 89700 | L127: 2227878
A128: 127 | B128: 1 | C128: 32 | E128: 12 | F128: 199539 | G128: 46857 | H128: 442 | I128: 74305 | J128: 24495509 | K128: 89700 | L128: 2227878
A129: 128 | B129: 1 | C129: 32 | E129: 13 | F129: 199540 | G129: 44934-4 | H129: 442 | I129: 74306 | J129: 24495519 | K129: 89700 | L129: 2227878
A130: 129 | B130: 1 | C130: 32 | E130: 14 | F130: 199541 | G130: 46858 | H130: 442 | I130: 74307 | J130: 24495521 | K130: 89700 | L130: 2227878
A131: 130 | B131: 1 | C131: 32 | E131: 15 | F131: 199542 | G131: 46859 | H131: 442 | I131: 74308 | J131: 24495537 | K131: 98241 | L131: 2440026
A132: 131 | B132: 1 | C132: 32 | E132: 16 | F132: 199543 | G132: 46860 | H132: 442 | I132: 74309 | J132: 24495601 | K132: 75114 | L132: 1865606
A133: 132 | B133: 1 | C133: 32 | E133: 17 | F133: 199544 | G133: 46861 | H133: 442 | I133: 74310 | J133: 24495604 | K133: 75114 | L133: 1865606
A134: 133 | B134: 1 | C134: 32 | E134: 18 | F134: 199545 | G134: 46862 | H134: 442 | I134: 74311 | J134: 24496050 | K134: 75114 | L134: 1865606
A135: 134 | B135: 1 | C135: 32 | E135: 19 | F135: 199546 | G135: 46863 | H135: 442 | I135: 74312 | J135: 24496038 | K135: 75114 | L135: 1865606
A136: 135 | B136: 1 | C136: 32 | E136: 20 | F136: 199547 | G136: 46864 | H136: 442 | I136: 74313 | J136: 24496040 | K136: 98241 | L136: 2440026
A137: 136 | B137: 1 | C137: 32 | E137: 21 | F137: 199548 | G137: 46865 | H137: 442 | I137: 74314 | J137: 24496042 | K137: 89700 | L137: 2227878
A138: 137 | B138: 1 | C138: 32 | E138: 22 | F138: 199549 | G138: 46866 | H138: 442 | I138: 74315 | J138: 24496043 | K138: 89700 | L138: 2227878
A139: 138 | B139: 1 | C139: 32 | E139: 23 | F139: 199550 | G139: 46867 | H139: 442 | I139: 74316 | J139: 24496044 | K139: 89700 | L139: 2227878
A140: 139 | B140: 1 | C140: 32 | E140: 24 | F140: 199551 | G140: 46528 | H140: 442 | I140: 74317 | J140: 24496048 | K140: 89700 | L140: 2227878
A141: 140 | B141: 1 | C141: 32 | E141: 25 | F141: 199552 | G141: 46529 | H141: 442 | I141: 74318 | J141: 24496052 | K141: 89700 | L141: 2227878
... A146: 145 | B146: 1 | C146: 33 | E146: 2 | F146: 199635 | G146: 46534 | H146: 442 | I146: 74259 | J146: 24496080 | K146: 75114 | L146: 1865606
A147: 146 | B147: 1 | C147: 33 | E147: 3 | F147: 199636 | G147: 6622-6 | H147: 442 | I147: 74260 | J147: 24496083 | K147: 75114 | L147: 1865606
A148: 147 | B148: 1 | C148: 33 | E148: 4 | F148: 199637 | G148: 6623-3 | H148: 442 | I148: 74261 | J148: 24496090 | K148: 75114 | L148: 1865606
A149: 148 | B149: 1 | C149: 33 | E149: 5 | F149: 199638 | G149: 6624-0 | H149: 442 | I149: 74262 | J149: 24496133 | K149: 75114 | L149: 1865606
A150: 149 | B150: 1 | C150: 33 | E150: 6 | F150: 199639 | G150: 6625-7 | H150: 442 | I150: 74263 | J150: 24496137 | K150: 93432 | L150: 2320570
A151: 150 | B151: 1 | C151: 33 | E151: 7 | F151: 199640 | G151: 6626-4 | H151: 442 | I151: 74264 | J151: 24496140 | K151: 89700 | L151: 2227878
A152: 151 | B152: 1 | C152: 33 | E152: 8 | F152: 199641 | G152: 6627-1 | H152: 442 | I152: 74265 | J152: 24496141 | K152: 89700 | L152: 2227878
A153: 152 | B153: 1 | C153: 33 | E153: 9 | F153: 199642 | G153: 6628-8 | H153: 442 | I153: 74266 | J153: 24496143 | K153: 89700 | L153: 2227878
A154: 153 | B154: 1 | C154: 33 | E154: 10 | F154: 199643 | G154: 6629-5 | H154: 442 | I154: 74267 | J154: 24496149 | K154: 89700 | L154: 2227878
A155: 154 | B155: 1 | C155: 33 | E155: 11 | F155: 199644 | G155: 6630-1 | H155: 442 | I155: 74268 | J155: 24496151 | K155: 89700 | L155: 2227878
A156: 155 | B156: 1 | C156: 33 | E156: 12 | F156: 199645 | G156: 6631-8 | H156: 442 | I156: 74269 | J156: 24496171 | K156: 89700 | L156: 2227878
A157: 156 | B157: 1 | C157: 33 | E157: 13 | F157: 199646 | G157: 6632-5 | H157: 442 | I157: 74270 | J157: 24496206 | K157: 89700 | L157: 2227878
A158: 157 | B158: 1 | C158: 33 | E158: 14 | F158: 199647 | G158: 6633-2 | H158: 442 | I158: 74271 | J158: 24496211 | K158: 89700 | L158: 2227878
... A172: 171 | B172: 1 | C172: 33 | E172: 28 | F172: 199661 | G172: 6646-2 | H172: 442 | I172: 74285 | J172: 24496360 | K172: 89700 | L172: 2227878
A173: 172 | B173: 1 | C173: 94 | E173: 1 | F173: 199602 | G173: 46588 | H173: 442 | I173: 74374 | J173: 24496485 | K173: 102720 | L173: 2551256
A174: 173 | B174: 1 | C174: 94 | E174: 2 | F174: 199603 | G174: 46589 | H174: 442 | I174: 74378 | J174: 24496488 | K174: 75114 | L174: 1865606
A175: 174 | B175: 1 | C175: 94 | E175: 3 | F175: 199604 | G175: 46590 | H175: 442 | I175: 74379 | J175: 24496490 | K175: 75114 | L175: 1865606
A176: 175 | B176: 1 | C176: 94 | E176: 4 | F176: 199605 | G176: 46591 | H176: 442 | I176: 74350 | J176: 24496492 | K176: 75114 | L176: 1865606
A177: 176 | B177: 1 | C177: 94 | E177: 5 | F177: 199606 | G177: 46592 | H177: 442 | I177: 74351 | J177: 24496563 | K177: 75114 | L177: 1865606
A178: 177 | B178: 1 | C178: 94 | E178: 6 | F178: 199607 | G178: 46593 | H178: 442 | I178: 74352 | J178: 24496567 | K178: 75114 | L178: 1865606
A179: 178 | B179: 1 | C179: 94 | E179: 7 | F179: 199608 | G179: 46594 | H179: 442 | I179: 74353 | J179: 24496568 | K179: 93432 | L179: 2320570
A180: 179 | B180: 1 | C180: 94 | E180: 8 | F180: 199609 | G180: 46595 | H180: 442 | I180: 74354 | J180: 24496571 | K180: 107460 | L180: 2668984
A181: 180 | B181: 1 | C181: 94 | E181: 9 | F181: 199610 | G181: 46596 | H181: 442 | I181: 74355 | J181: 24496573 | K181: 107460 | L181: 2668984
A182: 181 | B182: 1 | C182: 94 | E182: 10 | F182: 199611 | G182: 46597 | H182: 442 | I182: 74356 | J182: 24496576 | K182: 107460 | L182: 2668984
A183: 182 | B183: 1 | C183: 94 | E183: 11 | F183: 199612 | G183: 46598 | H183: 442 | I183: 74361 | J183: 24496577 | K183: 107460 | L183: 2668984
A184: 183 | B184: 1 | C184: 94 | E184: 12 | F184: 199613 | G184: 46599 | H184: 442 | I184: 74362 | J184: 24496587 | K184: 107460 | L184: 2668984
... A204: 203 | B204: 1 | C204: 94 | E204: 32 | F204: 199633 | G204: 46619 | H204: 442 | I204: 75776 | J204: 24496775 | K204: 81075 | L204: 2013674
A205: 204 | B205: 1 | C205: 95 | E205: 2 | F205: 95545 | G205: 46621-7 | H205: 442 | I205: 74399 | J205: 24502844 | K205: 74412 | L205: 1848170
A206: 205 | B206: 1 | C206: 95 | E206: 3 | F206: 95546 | G206: 46622-4 | H206: 442 | I206: 74400 | J206: 24502847 | K206: 74412 | L206: 1848170
A207: 206 | B207: 1 | C207: 95 | E207: 4 | F207: 95547 | G207: 46623-1 | H207: 442 | I207: 74411 | J207: 24502853 | K207: 73008 | L207: 1813299
A208: 207 | B208: 1 | C208: 95 | E208: 5 | F208: 95548 | G208: 46624-8 | H208: 442 | I208: 74412 | J208: 24502855 | K208: 77220 | L208: 1917913
A209: 208 | B209: 1 | C209: 95 | E209: 6 | F209: 95549 | G209: 46625-5 | H209: 442 | I209: 74413 | J209: 24506797 | K209: 93840 | L209: 2330704
A210: 209 | B210: 1 | C210: 95 | E210: 7 | F210: 95550 | G210: 46626-2 | H210: 442 | I210: 74414 | J210: 24502857 | K210: 89700 | L210: 2227878
A211: 210 | B211: 1 | C211: 95 | E211: 8 | F211: 95551 | G211: 4667-9 | H211: 442 | I211: 74415 | J211: 24502859 | K211: 87906 | L211: 2183321
A212: 211 | B212: 1 | C212: 95 | E212: 9 | F212: 95552 | G212: 46628-6 | H212: 442 | I212: 74416 | J212: 24502860 | K212: 87906 | L212: 2183321
A213: 212 | B213: 1 | C213: 95 | E213: 10 | F213: 95553 | G213: 46629-3 | H213: 442 | I213: 74417 | J213: 24502863 | K213: 87906 | L213: 2183321
A214: 213 | B214: 1 | C214: 95 | E214: 11 | F214: 95554 | G214: 46630-9 | H214: 442 | I214: 74418 | J214: 24502866 | K214: 87906 | L214: 2183321
A215: 214 | B215: 1 | C215: 95 | E215: 12 | F215: 95555 | G215: 46631-6 | H215: 442 | I215: 74419 | J215: 24502870 | K215: 89700 | L215: 2227878
A216: 215 | B216: 1 | C216: 95 | E216: 13 | F216: 95556 | G216: 46632-3 | H216: 442 | I216: 74420 | J216: 24502874 | K216: 87906 | L216: 2183321
... A231: 230 | B231: 1 | C231: 95 | E231: 28 | F231: 95571 | G231: 46646-0 | H231: 442 | I231: 74435 | J231: 24503668 | K231: 87906 | L231: 2183321

Sheet Original Lotes a Escriturar
A1: ='Original Lotes Escritura'!A1 -> N° Hugo | B1: ='Original Lotes Escritura'!B1 -> Circunscripción | C1: ='Original Lotes Escritura'!C1 -> Sección | D1: ='Original Lotes Escritura'!D1 -> Manzana | E1: ='Original Lotes Escritura'!E1 -> Parcela | F1: ='Original Lotes Escritura'!F1 -> Partida ARBA | G1: ='Original Lotes Escritura'!G1 -> Partida Municipal | H1: ='Original Lotes Escritura'!H1 -> Escritura | ... L1: ='Original Lotes Escritura'!L1 -> VF al Acto
A2: N° | B2: Circ. | C2: Secc. | D2: Manzana | E2: Parcela | F2: Partida ARBA | G2: Partida Municipal | H2: Escritura | I2: Matrícula | J2: Certificado Catastral | K2: Valor Escritura | L2: Observaciones
A3: 1 | B3: V | C3: F | D3: 96 | E3: 1 | F3: 65900 | G3: 46647-7 | H3: 442 | I3: 107881 | J3: 24505695 | K3: U$S 103.600
A4: 2 | B4: V | C4: F | D4: 96 | E4: 2 | F4: 95572 | G4: 46648-4 | H4: 442 | I4: 107882 | J4: 24505697
A5: 3 | B5: V | C5: F | D5: 96 | E5: 3 | F5: 95573 | G5: 46649-1 | H5: 442 | I5: 107883 | J5: 24505706
A6: 4 | B6: V | C6: F | D6: 96 | E6: 12 | F6: 95582 | G6: 46658-3 | H6: 442 | I6: 30003 | J6: 24505709
A7: 5 | B7: V | C7: F | D7: 96 | E7: 13 | F7: 95583 | G7: 46659-0 | H7: 442 | I7: 107884 | J7: 24505712
A8: 6 | B8: V | C8: F | D8: 96 | E8: 15 | F8: 95585 | G8: 46661-3 | H8: 442 | I8: 107885 | J8: 24505722
A9: 7 | B9: V | C9: F | D9: 96 | E9: 16 | F9: 95586 | G9: 46420-4 | H9: 442 | I9: 107886 | J9: 24505724
A10: 8 | B10: V | C10: F | D10: 96 | E10: 17 | F10: 95587 | G10: 46421-4 | H10: 442 | I10: 107887 | J10: 24505727
A11: 9 | B11: V | C11: F | D11: 96 | E11: 19 | F11: 95589 | G11: 46423-5 | H11: 442 | I11: 107888 | J11: 24505735
A12: 10 | B12: V | C12: F | D12: 96 | E12: 20 | F12: 95590 | G12: 46424-2 | H12: 442 | I12: 107889 | J12: 24505744
A13: 11 | B13: V | C13: F | D13: 96 | E13: 22 | F13: 95592 | G13: 46426-6 | H13: 442 | I13: 107890 | J13: 24505751
A14: 12 | B14: V | C14: F | D14: 96 | E14: 23 | F14: 95593 | G14: 46427-3 | H14: 442 | I14: 74403 | J14: 24505752
A15: 13 | B15: V | C15: F | D15: 96 | E15: 24 | F15: 95594 | G15: 46428-0 | H15: 442 | I15: 107891 | J15: 24505819
... A18: 16 | B18: V | C18: F | D18: 96 | E18: 28 | F18: 95598 | G18: 46431-0 | H18: 442 | I18: 74406 | J18: 24505826
A19: 17 | B19: V | C19: F | D19: 124 | E19: 6 | F19: 96225 | G19: 46466-2 | H19: 442 | I19: 107876 | J19: 24505837 | K19: U$S 41.200
A20: 18 | B20: V | C20: F | D20: 124 | E20: 7 | F20: 96226 | G20: 46467-9 | H20: 442 | I20: 107892 | J20: 24505840
A21: 19 | B21: V | C21: F | D21: 124 | E21: 9 | F21: 96228 | G21: 46469-3 | H21: 442 | I21: 107893 | J21: 24505872
A22: 20 | B22: V | C22: F | D22: 124 | E22: 10 | F22: 96229 | G22: 46470-9 | H22: 442 | I22: 107894 | J22: 24505919
A23: 21 | B23: V | C23: F | D23: 124 | E23: 11 | F23: 96230 | G23: 46471-6 | H23: 442 | I23: 107895 | J23: 24505923
A24: 22 | B24: V | C24: F | D24: 124 | E24: 12 | F24: 96231 | G24: 46472-3 | H24: 442 | I24: 107896 | J24: 24505933
A25: 23 | B25: V | C25: F | D25: 124 | E25: 13 | F25: 96232 | G25: 46473-0 | H25: 442 | I25: 107897 | J25: 24505943
A26: 24 | B26: V | C26: F | D26: 124 | E26: 14 | F26: 96233 | G26: 46474-7 | H26: 442 | I26: 107898 | J26: 24505947
A27: 25 | B27: V | C27: F | D27: 124 | E27: 15 | F27: 96234 | G27: 46475-4 | H27: 442 | I27: 107899 | J27: 24505959
A28: 26 | B28: V | C28: F | D28: 124 | E28: 16A | F28: 96235 | G28: 46476-1 | H28: 442 | I28: 107900 | J28: 24505985
A29: 27 | B29: V | C29: F | D29: 124 | E29: 17A | F29: 96236 | G29: 46477-8 | H29: 442 | I29: 107901 | J29: 24505998
A30: 28 | B30: V | C30: F | D30: 124 | E30: 18A | F30: 96237 | G30: 46478-5 | H30: 442 | I30: 107903 | J30: 24506003
A31: 29 | B31: V | C31: F | D31: 124 | E31: 19A | F31: 96238 | G31: 46479-2 | H31: 442 | I31: 107904 | J31: 24506007
A32: 30 | B32: V | C32: F | D32: 124 | E32: 20A | F32: 96238 | G32: 46480-8 | H32: 442 | I32: 107905 | J32: 24506053
A33: 31 | B33: V | C33: F | D33: 124 | E33: 21A | F33: 96240 | G33: 46481-5 | H33: 442 | I33: 107906 | J33: 24506058
A34: 32 | B34: V | C34: F | D34: 124 | E34: 22A | F34: 96241 | G34: 46482-2 | H34: 442 | I34: 107907 | J34: 24506061
A35: 33 | B35: V | C35: F | D35: 124 | E35: 23A | F35: 96242 | G35: 46483-9 | H35: 442 | I35: 107908 | J35: 24506066
A36: 34 | B36: V | C36: F | D36: 124 | E36: 24 | F36: 96243 | G36: 46484-6 | H36: 442 | I36: 107910 | J36: 24506071
A37: 35 | B37: V | C37: F | D37: 124 | E37: 25 | F37: 96244 | G37: 46485-3 | H37: 442 | I37: 107911 | J37: 24506076
A38: 36 | B38: V | C38: F | D38: 124 | E38: 27 | F38: 96246 | G38: 46487-7 | H38: 442 | I38: 107912 | J38: 24506086
A39: 37 | B39: V | C39: F | D39: 124 | E39: 28 | F39: 96247 | G39: 46488-4 | H39: 442 | I39: 107914 | J39: 24506107
A40: 38 | B40: V | C40: F | D40: 124 | E40: 29 | F40: 96248 | G40: 46489-1 | H40: 442 | I40: 107915 | J40: 24506173
A41: 39 | B41: V | C41: F | D41: 124 | E41: 30 | F41: 96249 | G41: 46490-7 | H41: 442 | I41: 107916 | J41: 24506186
A42: 40 | B42: V | C42: F | D42: 125 | E42: 1 | F42: 67428 | G42: 6678 | H42: 442 | I42: 107917 | J42: 24506277 | K42: U$S 45.040
A43: 41 | B43: V | C43: F | D43: 125 | E43: 2 | F43: 124604 | G43: 46492-1 | H43: 442 | I43: 107919 | J43: 24506286
A44: 42 | B44: V | C44: F | D44: 125 | E44: 3 | F44: 124605 | G44: 46493-8 | H44: 442 | I44: 107920 | J44: 24506295
A45: 43 | B45: V | C45: F | D45: 125 | E45: 4 | F45: 124606 | G45: 46494-5 | H45: 442 | I45: 107921 | J45: 24506310
A46: 44 | B46: V | C46: F | D46: 125 | E46: 5 | F46: 124607 | G46: 46495-2 | H46: 442 | I46: 107923 | J46: 24506318
A47: 45 | B47: V | C47: F | D47: 125 | E47: 6 | F47: 124608 | G47: 46496-9 | H47: 442 | I47: 107924 | J47: 24506325
A48: 46 | B48: V | C48: F | D48: 125 | E48: 7 | F48: 124609 | G48: 46497-6 | H48: 442 | I48: 107925 | J48: 24506331
A49: 47 | B49: V | C49: F | D49: 125 | E49: 8 | F49: 124610 | G49: 128449-2 | H49: 442 | I49: 107926 | J49: 24506342
A50: 48 | B50: V | C50: F | D50: 125 | E50: 9 | F50: 124611 | G50: 46498-3 | H50: 442 | I50: 108011 | J50: 24506345
A51: 49 | B51: V | C51: F | D51: 125 | E51: 10 | F51: 124612 | G51: 46499-0 | H51: 442 | I51: 108012 | J51: 24506426
A52: 50 | B52: V | C52: F | D52: 125 | E52: 11 | F52: 124613 | G52: 46500-9 | H52: 442 | I52: 107927 | J52: 24506430
A53: 51 | B53: V | C53: F | D53: 125 | E53: 12 | F53: 124614 | G53: 46501-6 | H53: 442 | I53: 107928 | J53: 24506435
A54: 52 | B54: V | C54: F | D54: 125 | E54: 13 | F54: 124615 | G54: 46502-3 | H54: 442 | I54: 107929 | J54: 24506441
A55: 53 | B55: V | C55: F | D55: 125 | E55: 14 | F55: 124616 | G55: 46503-0 | H55: 442 | I55: 107930 | J55: 24506444
A56: 54 | B56: V | C56: F | D56: 125 | E56: 15A | F56: 124617 | G56: 46504-7 | H56: 442 | I56: 74974 | J56: 24506450 | L56: Lote inscripto a nombre de Juan Stefani
A57: 55 | B57: V | C57: F | D57: 125 | E57: 16A | F57: 124618 | G57: 46505-4 | H57: 442 | I57: 74975 | J57: 24506457 | L57: Lote inscripto a nombre de Juan Stefani
A58: 56 | B58: V | C58: F | D58: 125 | E58: 17A | F58: 124619 | G58: 46506-1 | H58: 442 | I58: 74976 | J58: 24506461 | L58: Lote inscripto a nombre de Juan Stefani
A59: 57 | B59: V | C59: F | D59: 125 | E59: 18A | F59: 124620 | G59: 44507 | H59: 442 | I59: 74977 | J59: 24506468 | L59: Lote inscripto a nombre de Juan Stefani
A60: 58 | B60: V | C60: F | D60: 125 | E60: 19A | F60: 124621 | G60: 46508-5 | H60: 442 | I60: 74978 | J60: 24506474 | L60: Lote inscripto a nombre de Juan Stefani
A61: 59 | B61: V | C61: F | D61: 125 | E61: 20A | F61: 124622 | G61: 46509 | H61: 442 | I61: 74979 | J61: 24506476 | L61: Lote inscripto a nombre de Juan Stefani
A62: 60 | B62: V | C62: F | D62: 125 | E62: 21 | F62: 124623 | G62: 46510-8 | H62: 442 | I62: 107931 | J62: 24506482
A63: 61 | B63: V | C63: F | D63: 125 | E63: 22 | F63: 124624 | G63: 6679-0 | H63: 442 | I63: 107932 | J63: 24506485
A64: 62 | B64: V | C64: F | D64: 125 | E64: 23 | F64: 124625 | G64: 46511-5 | H64: 442 | I64: 107933 | J64: 24506491
A65: 63 | B65: V | C65: F | D65: 125 | E65: 24 | F65: 124626 | G65: 46512-2 | H65: 442 | I65: 107934 | J65: 24506494
A66: 64 | B66: V | C66: F | D66: 125 | E66: 25 | F66: 124627 | G66: 46513-9 | H66: 442 | I66: 107935 | J66: 24506576
A67: 65 | B67: V | C67: F | D67: 125 | E67: 26 | F67: 124628 | G67: 46514-6 | H67: 442 | I67: 107936 | J67: 24506581
A68: 66 | B68: V | C68: F | D68: 125 | E68: 27 | F68: 124629 | G68: 46515-3 | H68: 442 | I68: 107937 | J68: 24506586
A69: 67 | B69: V | C69: F | D69: 125 | E69: 28 | F69: 124630 | G69: 46516-0 | H69: 442 | I69: 107938 | J69: 24506591
A70: 68 | B70: V | C70: F | D70: 126 | E70: 1 | F70: 67429 | G70: 46432-7 | H70: 804 | I70: 107939 | J70: 24492959 | K70: U$S 122.400
A71: 69 | B71: V | C71: F | D71: 126 | E71: 2 | F71: 124631 | G71: 46517-7 | H71: 804 | I71: 107940 | J71: 24492965
A72: 70 | B72: V | C72: F | D72: 126 | E72: 3 | F72: 124632 | G72: 46518-4 | H72: 804 | I72: 107941 | J72: 24492973
A73: 71 | B73: V | C73: F | D73: 126 | E73: 4 | F73: 124633 | G73: 46519-1 | H73: 804 | I73: 107942 | J73: 24492982
A74: 72 | B74: V | C74: F | D74: 126 | E74: 5 | F74: 124634 | G74: 46520-7 | H74: 804 | I74: 107943 | J74: 24492986
A75: 73 | B75: V | C75: F | D75: 126 | E75: 6 | F75: 124635 | G75: 46521-4 | H75: 804 | I75: 107944 | J75: 24492991
A76: 74 | B76: V | C76: F | D76: 126 | E76: 7 | F76: 124636 | G76: 46522-1 | H76: 804 | I76: 107945 | J76: 24492996
A77: 75 | B77: V | C77: F | D77: 126 | E77: 8 | F77: 124637 | G77: 46523-8 | H77: 804 | I77: 107946 | J77: 24493012
A78: 76 | B78: V | C78: F | D78: 126 | E78: 10 | F78: 124639 | G78: 46525-2 | H78: 804 | I78: 107947 | J78: 24493035
A79: 77 | B79: V | C79: F | D79: 126 | E79: 11 | F79: 124640 | G79: 46526-9 | H79: 804 | I79: 107948 | J79: 24493071
A80: 78 | B80: V | C80: F | D80: 126 | E80: 12 | F80: 124641 | G80: 6680-6 | H80: 804 | I80: 107949 | J80: 24493075
A81: 79 | B81: V | C81: F | D81: 126 | E81: 13 | F81: 124642 | G81: 46527-6 | H81: 804 | I81: 107950 | J81: 24493086
A82: 80 | B82: V | C82: F | D82: 126 | E82: 14 | F82: 124643 | G82: 44937-5 | H82: 804 | I82: 107951 | J82: 24493090
A83: 81 | B83: V | C83: F | D83: 126 | E83: 15A | F83: 124644 | G83: 46346-1 | H83: 804 | I83: 107968 | J83: 24493091
A84: 82 | B84: V | C84: F | D84: 126 | E84: 16A | F84: 124645 | G84: 46347-8 | H84: 804 | I84: 107969 | J84: 24493094
A85: 83 | B85: V | C85: F | D85: 126 | E85: 17A | F85: 124646 | G85: 46348-5 | H85: 804 | I85: 107970 | J85: 24493099
A86: 84 | B86: V | C86: F | D86: 126 | E86: 18A | F86: 124647 | G86: 46349-2 | H86: 804 | I86: 107971 | J86: 24493105
A87: 85 | B87: V | C87: F | D87: 126 | E87: 19A | F87: 124648 | G87: 46350-8 | H87: 804 | I87: 107972 | J87: 24493123
A88: 86 | B88: V | C88: F | D88: 126 | E88: 20A | F88: 124649 | G88: 46351-5 | H88: 804 | I88: 107973 | J88: 24493127
A89: 87 | B89: V | C89: F | D89: 126 | E89: 21 | F89: 124650 | G89: 46352-2 | H89: 804 | I89: 107952 | J89: 24493131
A90: 88 | B90: V | C90: F | D90: 126 | E90: 22 | F90: 124651 | G90: 46353-9 | H90: 804 | I90: 107957 | J90: 24493137
A91: 89 | B91: V | C91: F | D91: 126 | E91: 23 | F91: 124652 | G91: 46354-6 | H91: 804 | I91: 107961 | J91: 24493141
A92: 90 | B92: V | C92: F | D92: 126 | E92: 24 | F92: 124653 | G92: 46355-3 | H92: 804 | I92: 107962 | J92: 24493143
A93: 91 | B93: V | C93: F | D93: 126 | E93: 25 | F93: 124654 | G93: 46356-0 | H93: 804 | I93: 74451 | J93: 24493144
A94: 92 | B94: V | C94: F | D94: 126 | E94: 26 | F94: 124655 | G94: 46357-7 | H94: 804 | I94: 107963 | J94: 24493147
A95: 93 | B95: V | C95: F | D95: 126 | E95: 27 | F95: 124656 | G95: 46358-4 | H95: 804 | I95: 107964 | J95: 24493206
A96: 94 | B96: V | C96: F | D96: 126 | E96: 28 | F96: 124657 | G96: 46359-1 | H96: 804 | I96: 107965 | J96: 24493211
A97: 95 | B97: V | C97: F | D97: 156 | E97: 2A | F97: 95599 | G97: 46873-2 | H97: 804 | I97: 108010 | J97: 24491981 | K97: U$S 85.840
A98: 96 | B98: V | C98: F | D98: 156 | E98: 3A | F98: 95600 | G98: 46874-9 | H98: 804 | I98: 107996 | J98: 24492220
A99: 97 | B99: V | C99: F | D99: 156 | E99: 4A | F99: 95601 | G99: 46875-6 | H99: 804 | I99: 107997 | J99: 24492715
A100: 98 | B100: V | C100: F | D100: 156 | E100: 5A | F100: 95602 | G100: 46876-3 | H100: 804 | I100: 107998 | J100: 24492720
A101: 99 | B101: V | C101: F | D101: 156 | E101: 6A | F101: 95603 | G101: 46877-0 | H101: 804 | I101: 107999 | J101: 24492725
A102: 100 | B102: V | C102: F | D102: 156 | E102: 8 | F102: 95605 | G102: 46879-4 | H102: 804 | I102: 107974 | J102: 24492728
...

Sheet Original Resumen por Manzana AE
A1: Manzana | B1: Cantidad Lotes | C1: Valor Escritura
A2: 96 | B2: 16 | C2: U$S 103.600
A3: 124 | B3: 23 | C3: U$S 41.200
A4: 125 | B4: 28 | C4: U$S 45.040
A5: 126 | B5: 27 | C5: U$S 122.400
A6: 156 | B6: 27 | C6: U$S 85.840
A7: TOTAL | B7: =SUM(B2:B6) -> 121
